<?xml version="1.0" encoding="utf-8" ?>
<dwsync>
<file name="Projects_model.php" server="D:/xampp/htdocs/boscocloud.boscogroup.com/" local="132828095453152285" remote="132828095450000000" Dst="0" />
<file name="Cron_model.php" server="D:/xampp/htdocs/boscocloud.boscogroup.com/" local="132784892820000000" remote="132784892820000000" Dst="0" />
<file name="Emails_model.php" server="D:/xampp/htdocs/boscocloud.boscogroup.com/" local="131976430020000000" remote="131976430020000000" Dst="0" />
<file name="Casediary_model.php" server="D:/xampp/htdocs/boscocloud.boscogroup.com/" local="132828160283352791" remote="132828160280000000" Dst="0" />
<file name="Court_instance_model.php" server="D:/xampp/htdocs/boscocloud.boscogroup.com/" local="132809054300000000" remote="132809054300000000" Dst="0" />
<file name="Hearing_model.php" server="D:/xampp/htdocs/boscocloud.boscogroup.com/" local="132817132998725797" remote="132817132990000000" Dst="0" />
<file name="Corporate_recoveries_model.php" server="D:/xampp/htdocs/boscocloud.boscogroup.com/" local="132821410309143634" remote="132821410300000000" Dst="0" />
<file name="Reports_model.php" server="D:/xampp/htdocs/boscocloud.boscogroup.com/" local="132640041180000000" remote="132640041180000000" Dst="0" />
<file name="Oppositeparty_model.php" server="D:/xampp/htdocs/boscocloud.boscogroup.com/" local="132798095240000000" remote="132798095240000000" Dst="0" />
<file name="Tickets_model.php" server="D:/xampp/htdocs/boscocloud.boscogroup.com/" local="132809822120000000" remote="132809822120000000" Dst="0" />
<file name="Misc_model.php" server="D:/xampp/htdocs/boscocloud.boscogroup.com/" local="132827266042568832" remote="132827266040000000" Dst="0" />
<file name="Expenses_model.php" server="D:/xampp/htdocs/boscocloud.boscogroup.com/" local="132824900160349302" remote="132824900160000000" Dst="0" />
<file name="Email_schedule_model.php" server="D:/xampp/htdocs/boscocloud.boscogroup.com/" local="132206219700000000" remote="132206219700000000" Dst="0" />
<file name="Knowledge_base_model.php" server="D:/xampp/htdocs/boscocloud.boscogroup.com/" local="132398725660000000" remote="132398725660000000" Dst="0" />
<file name="Staff_model.php" server="D:/xampp/htdocs/boscocloud.boscogroup.com/" local="132784892860000000" remote="132784892860000000" Dst="0" />
<file name="Case_nature_model.php" server="D:/xampp/htdocs/boscocloud.boscogroup.com/" local="132757301220000000" remote="132757301220000000" Dst="0" />
<file name="Projects_model.php" server="D:/xampp/htdocs/smartlegal.beveron.net/" local="132893494760000000" remote="132893494760000000" Dst="0" />
<file name="Approval_model.php" server="D:/xampp/htdocs/wheeloffate.beveron.net/" local="132989498020000000" remote="132989498020000000" Dst="0" />
<file name="Casediary_model.php" server="D:/xampp/htdocs/wheeloffate.beveron.net/" local="132890256900000000" remote="132890256900000000" Dst="0" />
<file name="Court_model.php" server="D:/xampp/htdocs/wheeloffate.beveron.net/" local="132834874040000000" remote="132834874040000000" Dst="0" />
<file name="Tickets_model.php" server="D:/xampp/htdocs/wheeloffate.beveron.net/" local="133120172700000000" remote="133120172700000000" Dst="0" />
<file name="Clients_model.php" server="D:/xampp/htdocs/wheeloffate.beveron.net/" local="133148682120000000" remote="133148682120000000" Dst="0" />
<file name="Contracts_model.php" server="D:/xampp/htdocs/wheeloffate.beveron.net/" local="133123810290591779" remote="133123810290000000" Dst="0" />
<file name="Projects_model.php" server="D:/xampp/htdocs/wheeloffate.beveron.net/" local="133021903261576063" remote="133021903260000000" Dst="0" />
<file name="Oppositeparty_model.php" server="D:/xampp/htdocs/wheeloffate.beveron.net/" local="133121309426477964" remote="133121309420000000" Dst="0" />
<file name="Misc_model.php" server="D:/xampp/htdocs/wheeloffate.beveron.net/" local="133082328728733874" remote="133082328720000000" Dst="0" />
<file name="Staff_model.php" server="D:/xampp/htdocs/wheeloffate.beveron.net/" local="132830788000000000" remote="132830788000000000" Dst="0" />
<file name="Settings_model.php" server="D:/xampp/htdocs/wheeloffate.beveron.net/" local="132308315400000000" remote="132308315400000000" Dst="0" />
<file name="Legalrisk_model.php" server="D:/xampp/htdocs/wheeloffate.beveron.net/" local="133022866893655205" remote="133022866890000000" Dst="0" />
<file name="Templates_model.php" server="D:/xampp/htdocs/wheeloffate.beveron.net/" local="132509330500000000" remote="132509330500000000" Dst="0" />
<file name="Tickets_model.php" server="D:/xampp/htdocs/qholding.beveron.net/" local="133208314552013575" remote="133208314550000000" Dst="0" />
<file name="Settings_model.php" server="D:/xampp/htdocs/qholding.beveron.net/" local="133222876000328291" remote="133222876000000000" Dst="0" />
<file name="Tickets_model05042023.php" server="D:/xampp/htdocs/qholding.beveron.net/" local="133234147580600850" remote="133234147580000000" Dst="0" />
<file name="Misc_model.php" server="C:/xampp/htdocs/legalcounsel2/" local="133443252973655074" remote="133443252970000000" Dst="0" />
<file name="Lawyers_model.php" server="C:/xampp/htdocs/legalv2development/" local="133492549524734566" remote="133492549520000000" Dst="0" />
<file name="Staff_model.php" server="C:/xampp/htdocs/legalv2development/" local="133627404614318621" remote="133627404610000000" Dst="0" />
</dwsync>