<?xml version="1.0" encoding="utf-8" ?>
<dwsync>
<file name="Login.php" server="D:/xampp/htdocs/gag.beveron.net/" local="133078945963623770" remote="133078945960000000" Dst="0" />
<file name="Case_types.php" server="D:/xampp/htdocs/gag.beveron.net/" local="133078945952386509" remote="133078945950000000" Dst="0" />
<file name="Projects.php" server="D:/xampp/htdocs/gag.beveron.net/" local="133105342828046094" remote="133105342820000000" Dst="0" />
<file name="Matters.php" server="D:/xampp/htdocs/gag.beveron.net/" local="133105390007203615" remote="133105390000000000" Dst="0" />
<file name="Token.php" server="D:/xampp/htdocs/gag.beveron.net/" local="133078945997238646" remote="133078945990000000" Dst="0" />
<file name="Projects081022.php" server="D:/xampp/htdocs/gag.beveron.net/" local="133096916005853542" remote="133096916000000000" Dst="0" />
<file name="Email.php" server="D:/xampp/htdocs/gag.beveron.net/" local="133078946008735568" remote="133078946000000000" Dst="0" />
<file name="Item.php" server="D:/xampp/htdocs/gag.beveron.net/" local="133078945986382869" remote="133078945980000000" Dst="0" />
<file name="Departments.php" server="D:/xampp/htdocs/gag.beveron.net/" local="133078945998262265" remote="133078945990000000" Dst="0" />
</dwsync>