<?xml version="1.0" encoding="utf-8" ?>
<dwsync>
<file name="Dashboard.php" server="D:/xampp/htdocs/boscocloud.boscogroup.com/" local="132784892960000000" remote="132784892960000000" Dst="0" />
<file name="Clients.php" server="D:/xampp/htdocs/boscocloud.boscogroup.com/" local="132797913060000000" remote="132797913060000000" Dst="0" />
<file name="Opposite_parties.php" server="D:/xampp/htdocs/boscocloud.boscogroup.com/" local="132798094220000000" remote="132798094220000000" Dst="0" />
<file name="Tickets.php" server="D:/xampp/htdocs/boscocloud.boscogroup.com/" local="132809812720000000" remote="132809812720000000" Dst="0" />
<file name="Projects.php" server="D:/xampp/htdocs/boscocloud.boscogroup.com/" local="132829121050483443" remote="132829121050000000" Dst="0" />
<file name="Contracts.php" server="D:/xampp/htdocs/boscocloud.boscogroup.com/" local="132784892940000000" remote="132784892940000000" Dst="0" />
<file name="Credit_notes.php" server="D:/xampp/htdocs/boscocloud.boscogroup.com/" local="132509330500000000" remote="132509330500000000" Dst="0" />
<file name="Invoices.php" server="D:/xampp/htdocs/boscocloud.boscogroup.com/" local="132515279940000000" remote="132515279940000000" Dst="0" />
<file name="Agreements.php" server="D:/xampp/htdocs/boscocloud.boscogroup.com/" local="132675820140000000" remote="132675820140000000" Dst="0" />
<file name="Reports.php" server="D:/xampp/htdocs/boscocloud.boscogroup.com/" local="132830002105316512" remote="132830002100000000" Dst="0" />
<file name="Casediary.php" server="D:/xampp/htdocs/boscocloud.boscogroup.com/" local="132817147027185925" remote="132817147020000000" Dst="0" />
<file name="Corporate_recoveries.php" server="D:/xampp/htdocs/boscocloud.boscogroup.com/" local="132821381084533048" remote="132821381080000000" Dst="0" />
<file name="Authentication.php" server="D:/xampp/htdocs/boscocloud.boscogroup.com/" local="132421974240000000" remote="132421974240000000" Dst="0" />
<file name="Misc.php" server="D:/xampp/htdocs/boscocloud.boscogroup.com/" local="132640041180000000" remote="132640041180000000" Dst="0" />
<file name="Expenses.php" server="D:/xampp/htdocs/boscocloud.boscogroup.com/" local="132828912080785536" remote="132828912080000000" Dst="0" />
<file name="Reports.php" server="D:/xampp/htdocs/smartlegal.beveron.net/" local="132893493960000000" remote="132893493960000000" Dst="0" />
<file name="Tickets.php" server="D:/xampp/htdocs/wheeloffate.beveron.net/" local="133221523974992086" remote="133221523970000000" Dst="0" />
<file name="Contracts.php" server="D:/xampp/htdocs/wheeloffate.beveron.net/" local="133147949009992273" remote="133147949000000000" Dst="0" />
<file name="Approval.php" server="D:/xampp/htdocs/wheeloffate.beveron.net/" local="133173826010924857" remote="133173826010000000" Dst="0" />
<file name="Clients.php" server="D:/xampp/htdocs/wheeloffate.beveron.net/" local="133121304838443513" remote="133121304830000000" Dst="0" />
<file name="Projects.php" server="D:/xampp/htdocs/wheeloffate.beveron.net/" local="132893494060000000" remote="132893494060000000" Dst="0" />
<file name="Dashboard.php" server="D:/xampp/htdocs/wheeloffate.beveron.net/" local="133173883840600988" remote="133173883840000000" Dst="0" />
<file name="Opposite_parties.php" server="D:/xampp/htdocs/wheeloffate.beveron.net/" local="133080390805998124" remote="133080390800000000" Dst="0" />
<file name="Expenses.php" server="D:/xampp/htdocs/wheeloffate.beveron.net/" local="132887707720000000" remote="132887707720000000" Dst="0" />
<file name="Reports.php" server="D:/xampp/htdocs/wheeloffate.beveron.net/" local="133173859210000000" remote="133173859210000000" Dst="0" />
<file name="Settings.php" server="D:/xampp/htdocs/wheeloffate.beveron.net/" local="133083069059271130" remote="133083069050000000" Dst="0" />
<file name="Legal_risks.php" server="D:/xampp/htdocs/wheeloffate.beveron.net/" local="133104640064321589" remote="133104640060000000" Dst="0" />
<file name="Trade_licenses.php" server="D:/xampp/htdocs/wheeloffate.beveron.net/" local="133021840810000000" remote="133021840810000000" Dst="0" />
<file name="Templates.php" server="D:/xampp/htdocs/wheeloffate.beveron.net/" local="132509330500000000" remote="132509330500000000" Dst="0" />
<file name="App_home.php" server="D:/xampp/htdocs/wheeloffate.beveron.net/" local="133168587640000000" remote="133168587640000000" Dst="0" />
<file name="Tickets.php" server="D:/xampp/htdocs/qholding.beveron.net/" local="133047833902830206" remote="133047833900000000" Dst="0" />
<file name="Settings.php" server="D:/xampp/htdocs/qholding.beveron.net/" local="133168587680000000" remote="133168587680000000" Dst="0" />
<file name="Tickets05042023.php" server="D:/xampp/htdocs/qholding.beveron.net/" local="133234138722567163" remote="133234138720000000" Dst="0" />
<file name="Tickets.php" server="C:/xampp/htdocs/legalcounsel2/" local="133445879425840391" remote="133445879420000000" Dst="0" />
<file name="Approval.php" server="C:/xampp/htdocs/legalcounsel2/" local="133476181915485513" remote="133476181910000000" Dst="0" />
</dwsync>