<?xml version="1.0" encoding="utf-8" ?>
<dwsync>
<file name="admin_helper.php" server="D:/xampp/htdocs/boscocloud.boscogroup.com/" local="132640041180000000" remote="132640041180000000" Dst="0" />
<file name="clients_helper.php" server="D:/xampp/htdocs/boscocloud.boscogroup.com/" local="132784892620000000" remote="132784892620000000" Dst="0" />
<file name="database_helper.php" server="D:/xampp/htdocs/boscocloud.boscogroup.com/" local="132421544660000000" remote="132421544660000000" Dst="0" />
<file name="func_helper.php" server="D:/xampp/htdocs/boscocloud.boscogroup.com/" local="131980616300000000" remote="131980616300000000" Dst="0" />
<file name="menu_helper.php" server="D:/xampp/htdocs/boscocloud.boscogroup.com/" local="132799605920000000" remote="132799605920000000" Dst="0" />
<file name="general_helper.php" server="D:/xampp/htdocs/boscocloud.boscogroup.com/" local="132784892620000000" remote="132784892620000000" Dst="0" />
<file name="my_functions_helper.php" server="D:/xampp/htdocs/boscocloud.boscogroup.com/" local="132829878332339893" remote="132829878330000000" Dst="0" />
<file name="tags_helper.php" server="D:/xampp/htdocs/boscocloud.boscogroup.com/" local="132333409540000000" remote="132333409540000000" Dst="0" />
<file name="assets_helper.php" server="D:/xampp/htdocs/boscocloud.boscogroup.com/" local="132640041180000000" remote="132640041180000000" Dst="0" />
<file name="contracts_helper.php" server="D:/xampp/htdocs/boscocloud.boscogroup.com/" local="132600123960000000" remote="132600123960000000" Dst="0" />
<file name="countries_helper.php" server="D:/xampp/htdocs/boscocloud.boscogroup.com/" local="132017776260000000" remote="132017776260000000" Dst="0" />
<file name="leads_helper.php" server="D:/xampp/htdocs/boscocloud.boscogroup.com/" local="132600123960000000" remote="132600123960000000" Dst="0" />
<file name="misc_helper.php" server="D:/xampp/htdocs/boscocloud.boscogroup.com/" local="132521563020000000" remote="132521563020000000" Dst="0" />
<file name="pdf_helper.php" server="D:/xampp/htdocs/boscocloud.boscogroup.com/" local="132784892640000000" remote="132784892640000000" Dst="0" />
<file name="projects_helper.php" server="D:/xampp/htdocs/boscocloud.boscogroup.com/" local="132815128749015961" remote="132815128740000000" Dst="0" />
<file name="app_html_helper.php" server="D:/xampp/htdocs/boscocloud.boscogroup.com/" local="131977938980000000" remote="131977938980000000" Dst="0" />
<file name="datatables_helper.php" server="D:/xampp/htdocs/boscocloud.boscogroup.com/" local="132683919440000000" remote="132683919440000000" Dst="0" />
<file name="staff_helper.php" server="D:/xampp/htdocs/boscocloud.boscogroup.com/" local="132784892680000000" remote="132784892680000000" Dst="0" />
<file name="upload_helper.php" server="D:/xampp/htdocs/boscocloud.boscogroup.com/" local="132784892700000000" remote="132784892700000000" Dst="0" />
<file name="email_templates_helper.php" server="D:/xampp/htdocs/boscocloud.boscogroup.com/" local="132600123960000000" remote="132600123960000000" Dst="0" />
<file name="my_functions_helper.php" server="D:/xampp/htdocs/wheeloffate.beveron.net/" local="133149412160000000" remote="133149412160000000" Dst="0" />
<file name="pdf_helper.php" server="D:/xampp/htdocs/wheeloffate.beveron.net/" local="133072698740774518" remote="133072698740000000" Dst="0" />
<file name="menu_helper.php" server="D:/xampp/htdocs/wheeloffate.beveron.net/" local="133172997974510584" remote="133172997970000000" Dst="0" />
<file name="clients_helper.php" server="D:/xampp/htdocs/wheeloffate.beveron.net/" local="133075188760000000" remote="133075188760000000" Dst="0" />
<file name="assets_helper.php" server="D:/xampp/htdocs/wheeloffate.beveron.net/" local="132640041180000000" remote="132640041180000000" Dst="0" />
<file name="tickets_helper.php" server="D:/xampp/htdocs/wheeloffate.beveron.net/" local="133084086800000000" remote="133084086800000000" Dst="0" />
<file name="contracts_helper.php" server="D:/xampp/htdocs/wheeloffate.beveron.net/" local="133082412960000000" remote="133082412960000000" Dst="0" />
<file name="upload_helper.php" server="D:/xampp/htdocs/wheeloffate.beveron.net/" local="133120078231053051" remote="133120078230000000" Dst="0" />
<file name="emails_tracking_helper.php" server="D:/xampp/htdocs/wheeloffate.beveron.net/" local="131958969340000000" remote="131958969340000000" Dst="0" />
<file name="fields_helper.php" server="D:/xampp/htdocs/wheeloffate.beveron.net/" local="132640041180000000" remote="132640041180000000" Dst="0" />
<file name="relation_helper.php" server="D:/xampp/htdocs/wheeloffate.beveron.net/" local="133173017243831722" remote="133173017240000000" Dst="0" />
<file name="database_helper.php" server="D:/xampp/htdocs/wheeloffate.beveron.net/" local="132421544660000000" remote="132421544660000000" Dst="0" />
<file name="datatables_helper.php" server="D:/xampp/htdocs/wheeloffate.beveron.net/" local="133120275949331526" remote="133120275940000000" Dst="0" />
<file name="projects_helper.php" server="D:/xampp/htdocs/wheeloffate.beveron.net/" local="132886878640000000" remote="132886878640000000" Dst="0" />
<file name="staff_helper.php" server="D:/xampp/htdocs/wheeloffate.beveron.net/" local="133168587540000000" remote="133168587540000000" Dst="0" />
<file name="upload_helper.php" server="D:/xampp/htdocs/qholding.beveron.net/" local="133148819040000000" remote="133148819040000000" Dst="0" />
<file name="my_functions_helper.php" server="D:/xampp/htdocs/qholding.beveron.net/" local="133241315096919914" remote="133241315090000000" Dst="0" />
<file name="menu_helper.php" server="D:/xampp/htdocs/qholding.beveron.net/" local="133216307635411419" remote="133216307630000000" Dst="0" />
<file name="my_functions_helper.php" server="D:/xampp/htdocs/smartlegalcounsel_v2/" local="133252586025037280" remote="133252586020000000" Dst="0" />
<file name="pdf_helper.php" server="D:/xampp/htdocs/smartlegalcounsel_v2/" local="133087484280000000" remote="133087484280000000" Dst="0" />
<file name="menu_helper.php" server="D:/xampp/htdocs/smartlegalcounsel_v2/" local="133255852840840550" remote="133255852840000000" Dst="0" />
<file name="chequebounces_helper.php" server="D:/xampp/htdocs/smartlegalcounsel_v2/" local="132938859705018492" remote="132938859700000000" Dst="0" />
</dwsync>