<?xml version="1.0" encoding="utf-8" ?>
<dwsync>
<file name="Hearing_notice_pdf.php" server="D:/xampp/htdocs/boscocloud.boscogroup.com/" local="132784893900000000" remote="132784893900000000" Dst="0" />
<file name="Legal_approval_pdf.php" server="D:/xampp/htdocs/boscocloud.boscogroup.com/" local="132803037000000000" remote="132803037000000000" Dst="0" />
<file name="Contract_pdf.php" server="D:/xampp/htdocs/boscocloud.boscogroup.com/" local="132600123960000000" remote="132600123960000000" Dst="0" />
<file name="Invoice_pdf.php" server="D:/xampp/htdocs/boscocloud.boscogroup.com/" local="132600123960000000" remote="132600123960000000" Dst="0" />
<file name="Credit_note_pdf.php" server="D:/xampp/htdocs/boscocloud.boscogroup.com/" local="132600123960000000" remote="132600123960000000" Dst="0" />
<file name="Estimate_pdf.php" server="D:/xampp/htdocs/boscocloud.boscogroup.com/" local="132600123960000000" remote="132600123960000000" Dst="0" />
<file name="Statement_pdf.php" server="D:/xampp/htdocs/boscocloud.boscogroup.com/" local="132600123960000000" remote="132600123960000000" Dst="0" />
<file name="Proposal_pdf.php" server="D:/xampp/htdocs/boscocloud.boscogroup.com/" local="132600123960000000" remote="132600123960000000" Dst="0" />
<file name="PDF_Signature.php" server="D:/xampp/htdocs/boscocloud.boscogroup.com/" local="132421544660000000" remote="132421544660000000" Dst="0" />
<file name="Project_data_pdf.php" server="D:/xampp/htdocs/boscocloud.boscogroup.com/" local="132682158260000000" remote="132682158260000000" Dst="0" />
<file name="App_pdf.php" server="D:/xampp/htdocs/wheeloffate.beveron.net/" local="133083094113611847" remote="133083094110000000" Dst="0" />
<file name="Legal_approval_pdf.php" server="D:/xampp/htdocs/wheeloffate.beveron.net/" local="132803037000000000" remote="132803037000000000" Dst="0" />
<file name="App_pdf.php" server="D:/xampp/htdocs/qholding.beveron.net/" local="133150170120000000" remote="133150170120000000" Dst="0" />
<file name="Invoice_pdf.php" server="D:/xampp/htdocs/qholding.beveron.net/" local="132600123960000000" remote="132600123960000000" Dst="0" />
</dwsync>